Cluster,yummy,convenient,spicy,fattening,greasy,fast,cheap,tasty,expensive,healthy,disgusting,Like,Age,VisitFrequency,Gender
0,0.7175141242937854,0.9322033898305084,0.12429378531073447,0.0,0.0903954802259887,0.9209039548022598,0.6836158192090396,0.8135593220338984,0.22033898305084745,0.5932203389830508,0.03954802259887006,4.497175141242938,49.87005649717514,2.5762711864406778,0.5141242937853108
1,0.7171945701357466,0.9886877828054299,0.06334841628959276,1.0,0.0,0.9457013574660633,0.6787330316742082,0.8235294117647058,0.26244343891402716,0.21945701357466063,0.013574660633484163,3.588235294117647,46.32579185520362,2.6176470588235294,0.4276018099547511
2,0.7900677200902935,0.9841986455981941,0.1038374717832957,1.0,1.0,0.9390519187358917,0.6501128668171557,0.873589164785553,0.34988713318284426,0.16027088036117382,0.12866817155756208,3.5417607223476297,36.90293453724605,2.5711060948081266,0.43115124153498874
3,0.023017902813299233,0.7186700767263428,0.10230179028132992,0.959079283887468,0.782608695652174,0.7953964194373402,0.4117647058823529,0.10485933503836317,0.5370843989769821,0.04092071611253197,0.7237851662404092,7.125319693094629,49.00255754475703,2.764705882352941,0.4961636828644501
